"800","001A4BBE56B61ED188B04D64847EBD22","001A4BBE56B61ED188B04D64847E9D22","","Karl","","Muller","","","M","001A4BBE56B61ED188B04D64847EDD22","001A4BBE56B61ED188B04D64847F5D22","001A4BBE56B61ED188B04D64847EFD22","E","001A4BBE56B61ED188B04D64847F7D22"
"800","001A4BBE56B61ED188B04D64847FBD22","001A4BBE56B61ED188B04D64847F9D22","","Dagmar","","Schulze","","","F","001A4BBE56B61ED188B04D64847FDD22","001A4BBE56B61ED188B04D6484805D22","001A4BBE56B61ED188B04D64847FFD22","E","001A4BBE56B61ED188B04D6484807D22"
"800","001A4BBE56B61ED188B04D648480BD22","001A4BBE56B61ED188B04D6484809D22","","Maria","","Brown","","","F","001A4BBE56B61ED188B04D648480DD22","001A4BBE56B61ED188B04D6484815D22","001A4BBE56B61ED188B04D648480FD22","E","001A4BBE56B61ED188B04D6484817D22"
"800","001A4BBE56B61ED188B04D648481BD22","001A4BBE56B61ED188B04D6484819D22","","Saskia","Clara","Sommer","","","F","001A4BBE56B61ED188B04D648481DD22","001A4BBE56B61ED188B04D6484825D22","001A4BBE56B61ED188B04D648481FD22","E","001A4BBE56B61ED188B04D6484827D22"
"800","001A4BBE56B61ED188B04D648482BD22","001A4BBE56B61ED188B04D6484829D22","","Bob","","Buyer","","","M","001A4BBE56B61ED188B04D648482DD22","001A4BBE56B61ED188B04D6484835D22","001A4BBE56B61ED188B04D648482FD22","E","001A4BBE56B61ED188B04D6484837D22"
"800","001A4BBE56B61ED188B04D648483BD22","001A4BBE56B61ED188B04D6484839D22","","Bart","Friedrich","Koenig","","","M","001A4BBE56B61ED188B04D648483DD22","001A4BBE56B61ED188B04D6484845D22","001A4BBE56B61ED188B04D648483FD22","E","001A4BBE56B61ED188B04D6484847D22"
"800","001A4BBE56B61ED188B04D648484BD22","001A4BBE56B61ED188B04D6484849D22","","Yoko","","Nakamura","","","F","001A4BBE56B61ED188B04D648484DD22","001A4BBE56B61ED188B04D6484855D22","001A4BBE56B61ED188B04D648484FD22","E","001A4BBE56B61ED188B04D6484857D22"
"800","001A4BBE56B61ED188B04D648485BD22","001A4BBE56B61ED188B04D6484859D22","","Sophie","","Ribery","","","F","001A4BBE56B61ED188B04D648485DD22","001A4BBE56B61ED188B04D6484865D22","001A4BBE56B61ED188B04D648485FD22","E","001A4BBE56B61ED188B04D6484867D22"
"800","001A4BBE56B61ED188B04D648486BD22","001A4BBE56B61ED188B04D6484869D22","","Victor","","Sanchez","","","M","001A4BBE56B61ED188B04D648486DD22","001A4BBE56B61ED188B04D6484875D22","001A4BBE56B61ED188B04D648486FD22","E","001A4BBE56B61ED188B04D6484877D22"
"800","001A4BBE56B61ED188B04D648487BD22","001A4BBE56B61ED188B04D6484879D22","","Jorge","","Velez","","","M","001A4BBE56B61ED188B04D648487DD22","001A4BBE56B61ED188B04D6484885D22","001A4BBE56B61ED188B04D648487FD22","E","001A4BBE56B61ED188B04D6484887D22"
"800","001A4BBE56B61ED188B04D648488BD22","001A4BBE56B61ED188B04D6484889D22","","Franklin","","Jones","","","M","001A4BBE56B61ED188B04D648488DD22","001A4BBE56B61ED188B04D6484895D22","001A4BBE56B61ED188B04D648488FD22","E","001A4BBE56B61ED188B04D6484897D22"
"800","001A4BBE56B61ED188B04D648489BD22","001A4BBE56B61ED188B04D6484899D22","","Joseph","","Gschwandtner","","","M","001A4BBE56B61ED188B04D648489DD22","001A4BBE56B61ED188B04D64848A5D22","001A4BBE56B61ED188B04D648489FD22","E","001A4BBE56B61ED188B04D64848A7D22"
"800","001A4BBE56B61ED188B04D64848ABD22","001A4BBE56B61ED188B04D64848A9D22","","George","David","Grant","","","M","001A4BBE56B61ED188B04D64848ADD22","001A4BBE56B61ED188B04D64848B5D22","001A4BBE56B61ED188B04D64848AFD22","E","001A4BBE56B61ED188B04D64848B7D22"
"800","001A4BBE56B61ED188B04D64848BBD22","001A4BBE56B61ED188B04D64848B9D22","","Sarah","","Schwind","","","F","001A4BBE56B61ED188B04D64848BDD22","001A4BBE56B61ED188B04D64848C5D22","001A4BBE56B61ED188B04D64848BFD22","E","001A4BBE56B61ED188B04D64848C7D22"
"800","001A4BBE56B61ED188B04D64848CBD22","001A4BBE56B61ED188B04D64848C9D22","","Theodor","","Monathy","","","M","001A4BBE56B61ED188B04D64848CDD22","001A4BBE56B61ED188B04D64848D5D22","001A4BBE56B61ED188B04D64848CFD22","E","001A4BBE56B61ED188B04D64848D7D22"
"800","001A4BBE56B61ED188B04D64848DBD22","001A4BBE56B61ED188B04D64848D9D22","","Robert","","Brown","","","M","001A4BBE56B61ED188B04D64848DDD22","001A4BBE56B61ED188B04D64848E5D22","001A4BBE56B61ED188B04D64848DFD22","E","001A4BBE56B61ED188B04D64848E7D22"
"800","001A4BBE56B61ED188B04D64848EBD22","001A4BBE56B61ED188B04D64848E9D22","","Jorge","","Montalban","","","M","001A4BBE56B61ED188B04D64848EDD22","001A4BBE56B61ED188B04D64848F5D22","001A4BBE56B61ED188B04D64848EFD22","E","001A4BBE56B61ED188B04D64848F7D22"
"800","001A4BBE56B61ED188B04D64848FBD22","001A4BBE56B61ED188B04D64848F9D22","","Johanna","","Esther","","","F","001A4BBE56B61ED188B04D64848FDD22","001A4BBE56B61ED188B04D6484905D22","001A4BBE56B61ED188B04D64848FFD22","E","001A4BBE56B61ED188B04D6484907D22"
"800","001A4BBE56B61ED188B04D648490BD22","001A4BBE56B61ED188B04D6484909D22","","Miguel","","Luengo","","","M","001A4BBE56B61ED188B04D648490DD22","001A4BBE56B61ED188B04D6484915D22","001A4BBE56B61ED188B04D648490FD22","E","001A4BBE56B61ED188B04D6484917D22"
"800","001A4BBE56B61ED188B04D648491BD22","001A4BBE56B61ED188B04D6484919D22","","Isabel","","Nemours","","","F","001A4BBE56B61ED188B04D648491DD22","001A4BBE56B61ED188B04D6484925D22","001A4BBE56B61ED188B04D648491FD22","E","001A4BBE56B61ED188B04D6484927D22"
"800","001A4BBE56B61ED188B04D648492BD22","001A4BBE56B61ED188B04D6484929D22","","Igor","","Tarassow","","","M","001A4BBE56B61ED188B04D648492DD22","001A4BBE56B61ED188B04D6484935D22","001A4BBE56B61ED188B04D648492FD22","E","001A4BBE56B61ED188B04D6484937D22"
"800","001A4BBE56B61ED188B04D648493BD22","001A4BBE56B61ED188B04D6484939D22","","Alexis","","Harper","","","F","001A4BBE56B61ED188B04D648493DD22","001A4BBE56B61ED188B04D6484945D22","001A4BBE56B61ED188B04D648493FD22","E","001A4BBE56B61ED188B04D6484947D22"
"800","001A4BBE56B61ED188B04D648494BD22","001A4BBE56B61ED188B04D6484949D22","","Cristal","","Alfaro","","","F","001A4BBE56B61ED188B04D648494DD22","001A4BBE56B61ED188B04D6484955D22","001A4BBE56B61ED188B04D648494FD22","E","001A4BBE56B61ED188B04D6484957D22"
"800","001A4BBE56B61ED188B04D648495BD22","001A4BBE56B61ED188B04D6484959D22","","Sven","","Janssen","","","M","001A4BBE56B61ED188B04D648495DD22","001A4BBE56B61ED188B04D6484965D22","001A4BBE56B61ED188B04D648495FD22","E","001A4BBE56B61ED188B04D6484967D22"
"800","001A4BBE56B61ED188B04D648496BD22","001A4BBE56B61ED188B04D6484969D22","","Yoshiko","","Kakuji","","","F","001A4BBE56B61ED188B04D648496DD22","001A4BBE56B61ED188B04D6484975D22","001A4BBE56B61ED188B04D648496FD22","E","001A4BBE56B61ED188B04D6484977D22"
"800","001A4BBE56B61ED188B04D648497BD22","001A4BBE56B61ED188B04D6484979D22","","Alessio","","Galasso","","","M","001A4BBE56B61ED188B04D648497DD22","001A4BBE56B61ED188B04D6484985D22","001A4BBE56B61ED188B04D648497FD22","E","001A4BBE56B61ED188B04D6484987D22"
"800","001A4BBE56B61ED188B04D648498BD22","001A4BBE56B61ED188B04D6484989D22","","Romain","","Le Mason","","","M","001A4BBE56B61ED188B04D648498DD22","001A4BBE56B61ED188B04D6484995D22","001A4BBE56B61ED188B04D648498FD22","E","001A4BBE56B61ED188B04D6484997D22"
"800","001A4BBE56B61ED188B04D648499BD22","001A4BBE56B61ED188B04D6484999D22","","Martha","","Calcagno","","","F","001A4BBE56B61ED188B04D648499DD22","001A4BBE56B61ED188B04D64849A5D22","001A4BBE56B61ED188B04D648499FD22","E","001A4BBE56B61ED188B04D64849A7D22"
"800","001A4BBE56B61ED188B04D64849ABD22","001A4BBE56B61ED188B04D64849A9D22","","Beatriz","","da Silva","","","F","001A4BBE56B61ED188B04D64849ADD22","001A4BBE56B61ED188B04D64849B5D22","001A4BBE56B61ED188B04D64849AFD22","E","001A4BBE56B61ED188B04D64849B7D22"
"800","001A4BBE56B61ED188B04D64849BBD22","001A4BBE56B61ED188B04D64849B9D22","","Anthony","","Leboeuf","","","M","001A4BBE56B61ED188B04D64849BDD22","001A4BBE56B61ED188B04D64849C5D22","001A4BBE56B61ED188B04D64849BFD22","E","001A4BBE56B61ED188B04D64849C7D22"
"800","001A4BBE56B61ED188B04D64849CBD22","001A4BBE56B61ED188B04D64849C9D22","","Lisa","","Felske","","","F","001A4BBE56B61ED188B04D64849CDD22","001A4BBE56B61ED188B04D64849D5D22","001A4BBE56B61ED188B04D64849CFD22","E","001A4BBE56B61ED188B04D64849D7D22"
"800","001A4BBE56B61ED188B04D64849DBD22","001A4BBE56B61ED188B04D64849D9D22","","Jonathan","Dwight","Mason","","","M","001A4BBE56B61ED188B04D64849DDD22","001A4BBE56B61ED188B04D64849E5D22","001A4BBE56B61ED188B04D64849DFD22","E","001A4BBE56B61ED188B04D64849E7D22"
"800","001A4BBE56B61ED188B04D64849EBD22","001A4BBE56B61ED188B04D64849E9D22","","Amélie","","Troyat","","","F","001A4BBE56B61ED188B04D64849EDD22","001A4BBE56B61ED188B04D64849F5D22","001A4BBE56B61ED188B04D64849EFD22","E","001A4BBE56B61ED188B04D64849F7D22"
"800","001A4BBE56B61ED188B04D64849FBD22","001A4BBE56B61ED188B04D64849F9D22","","Pete","","Waltham","","","M","001A4BBE56B61ED188B04D64849FDD22","001A4BBE56B61ED188B04D6484A05D22","001A4BBE56B61ED188B04D64849FFD22","E","001A4BBE56B61ED188B04D6484A07D22"
"800","001A4BBE56B61ED188B04D6484A0BD22","001A4BBE56B61ED188B04D6484A09D22","","Ryu","","Toshiro","","","M","001A4BBE56B61ED188B04D6484A0DD22","001A4BBE56B61ED188B04D6484A15D22","001A4BBE56B61ED188B04D6484A0FD22","E","001A4BBE56B61ED188B04D6484A17D22"
"800","001A4BBE56B61ED188B04D6484A1BD22","001A4BBE56B61ED188B04D6484A19D22","","José","","Lopez","","","M","001A4BBE56B61ED188B04D6484A1DD22","001A4BBE56B61ED188B04D6484A25D22","001A4BBE56B61ED188B04D6484A1FD22","E","001A4BBE56B61ED188B04D6484A27D22"
"800","001A4BBE56B61ED188B04D6484A2BD22","001A4BBE56B61ED188B04D6484A29D22","","Dahoma","","Lawla","","","M","001A4BBE56B61ED188B04D6484A2DD22","001A4BBE56B61ED188B04D6484A35D22","001A4BBE56B61ED188B04D6484A2FD22","E","001A4BBE56B61ED188B04D6484A37D22"
"800","001A4BBE56B61ED188B04D6484A3BD22","001A4BBE56B61ED188B04D6484A39D22","","Jefferson","","Parker","","","M","001A4BBE56B61ED188B04D6484A3DD22","001A4BBE56B61ED188B04D6484A45D22","001A4BBE56B61ED188B04D6484A3FD22","E","001A4BBE56B61ED188B04D6484A47D22"
"800","001A4BBE56B61ED188B04D6484A4BD22","001A4BBE56B61ED188B04D6484A49D22","","Tamara","","Flaig","","","F","001A4BBE56B61ED188B04D6484A4DD22","001A4BBE56B61ED188B04D6484A55D22","001A4BBE56B61ED188B04D6484A4FD22","E","001A4BBE56B61ED188B04D6484A57D22"
"800","001A4BBE56B61ED188B04D6484A5BD22","001A4BBE56B61ED188B04D6484A59D22","","Sunita","","Kapoor","","","F","001A4BBE56B61ED188B04D6484A5DD22","001A4BBE56B61ED188B04D6484A65D22","001A4BBE56B61ED188B04D6484A5FD22","E","001A4BBE56B61ED188B04D6484A67D22"
"800","001A4BBE56B61ED188B04D6484A6BD22","001A4BBE56B61ED188B04D6484A69D22","","Pawel","","Lewandowski","","","M","001A4BBE56B61ED188B04D6484A6DD22","001A4BBE56B61ED188B04D6484A75D22","001A4BBE56B61ED188B04D6484A6FD22","E","001A4BBE56B61ED188B04D6484A77D22"
"800","001A4BBE56B61ED188B04D6484A7BD22","001A4BBE56B61ED188B04D6484A79D22","","Laura","","Campillo","","","F","001A4BBE56B61ED188B04D6484A7DD22","001A4BBE56B61ED188B04D6484A85D22","001A4BBE56B61ED188B04D6484A7FD22","E","001A4BBE56B61ED188B04D6484A87D22"
"800","001A4BBE56B61ED188B04D6484A8BD22","001A4BBE56B61ED188B04D6484A89D22","","Jian","","Si","","","M","001A4BBE56B61ED188B04D6484A8DD22","001A4BBE56B61ED188B04D6484A95D22","001A4BBE56B61ED188B04D6484A8FD22","E","001A4BBE56B61ED188B04D6484A97D22"
"800","001A4BBE56B61ED188B04D6484A9BD22","001A4BBE56B61ED188B04D6484A99D22","","Frederik","","Christensen","","","M","001A4BBE56B61ED188B04D6484A9DD22","001A4BBE56B61ED188B04D6484AA5D22","001A4BBE56B61ED188B04D6484A9FD22","E","001A4BBE56B61ED188B04D6484AA7D22"
"800","001A4BBE56B61ED188B04D6484AABD22","001A4BBE56B61ED188B04D6484AA9D22","","Mirjam","","Schmidt","","","F","001A4BBE56B61ED188B04D6484AADD22","001A4BBE56B61ED188B04D6484AB5D22","001A4BBE56B61ED188B04D6484AAFD22","E","001A4BBE56B61ED188B04D6484AB7D22"
